route_id;origin;destination;demand_per_sec
rocca-airport;317217122#0;177513127#0;0.001944
airport-rocca;-183577;317209213;0.001944
airport-tty;-183577;-182723;0.002222
tty-centre;-182707;-182653;0.009444
tty-rocca;-182707;317209213;0.000833
tty-airport;-182707;177513127#0;0.001389
centre-tty;-182559;-182723;0.010556